{"money":2.384255659760829E7,"moneyPerSecond":460961.0,"upgrades":{"finger":{"own":10,"cost":25.937424601000018,"increaseMPSBy":0.1},"espressoMachine":{"own":10,"cost":259.37424601000026,"increaseMPSBy":1.0},"nintendo":{"own":15,"cost":4177.248169415654,"increaseMPSBy":10.0},"mountainDew":{"own":8,"cost":21435.888100000015,"increaseMPSBy":100.0},"desperation":{"own":20,"cost":672749.9949325613,"increaseMPSBy":1000.0},"singer":{"own":44,"cost":6.626407607736665E7,"increaseMPSBy":10000.0}}}